auROC	log2(auPRC/prior)	log2(P@r10/prior)	log2(P@r20/prior)	log2(P@r50/prior)	R@r10	R@r20	R@r50
0.7791277258566979	2.3444553286872827	-inf	3.172594188218297	1.8506660933309345	0.0	0.3333333333333333	0.3333333333333333
