auROC	log2(auPRC/prior)	log2(P@r10/prior)	log2(P@r20/prior)	log2(P@r50/prior)	R@r10	R@r20	R@r50
0.6973536369012419	0.8033049554929812	1.6517315129338572	1.3521712310749492	1.137158340104099	0.05263157894736842	0.08552631578947369	0.18421052631578946
