auROC	log2(auPRC/prior)	log2(P@r10/prior)	log2(P@r20/prior)	log2(P@r50/prior)	R@r10	R@r20	R@r50
0.4438202247191011	0.39376356919688926	0.5759173611181493	-0.4240826388818507	-1.7460107337692132	0.03125	0.03125	0.03125
