auROC	log2(auPRC/prior)	log2(P@r10/prior)	log2(P@r20/prior)	log2(P@r50/prior)	R@r10	R@r20	R@r50
0.7228464419475655	1.2147247357522402	-inf	0.6166713604484944	1.6166713604484944	0.0	0.06666666666666667	0.3333333333333333
