auROC	log2(auPRC/prior)	log2(P@r10/prior)	log2(P@r20/prior)	log2(P@r50/prior)	R@r10	R@r20	R@r50
0.9128642111050027	2.2773102556742955	2.642724220284805	2.642724220284805	2.583830531231236	0.09803921568627451	0.19607843137254902	0.47058823529411764
