auROC	log2(auPRC/prior)	log2(P@r10/prior)	log2(P@r20/prior)	log2(P@r50/prior)	R@r10	R@r20	R@r50
0.7435638337983562	0.38774129191200013	0.5236461494007321	0.601648661402005	0.6465028971862654	0.012080536912751677	0.025503355704697986	0.06577181208053691
