auROC	log2(auPRC/prior)	log2(P@r10/prior)	log2(P@r20/prior)	log2(P@r50/prior)	R@r10	R@r20	R@r50
0.713623595505618	1.8998113888274086	3.1608798618393052	2.575917361118149	1.8389517669519428	0.1875	0.25	0.375
