auROC	log2(auPRC/prior)	log2(P@r10/prior)	log2(P@r20/prior)	log2(P@r50/prior)	R@r10	R@r20	R@r50
0.6284644194756555	0.5333050048561516	-inf	-inf	0.8797057662822882	0.0	0.0	0.2
